text,href,id
a lil worksheet.pdf,/archive/serena-chen/like comment and subscribe - a lil worksheet.pdf,serena-chen
links and resources.md,/archive/serena-chen/like comment and subscribe links and resources.md,serena-chen
errbufferoverfl
https://github.com/mossnz/purplecon-docker,https://github.com/mossnz/purplecon-docker,moss
sparkleops
MakeMikeSad.pdf,/archive/mike-loss/MakeMikeSad.pdf,mike-loss
slides.pptx,/archive/sophie-richardson/slides.pptx,sophie-richardson
AdvancedEndpointProtection.pdf,/archive/petra-smith/AdvancedEndpointProtection.pdf,petra-smith
purplecon.pdf,/archive/liamosaur/purplecon.pdf,liamosaur
How .tf to do Infrastructure as Code.pdf,/archive/duck-lawn-alix-klingenberg/How .tf to do Infrastructure as Code.pdf,duck-lawn-alix-klingenberg
my_first_terraform-master.zip,/archive/duck-lawn-alix-klingenberg/my_first_terraform-master.zip,duck-lawn-alix-klingenberg
https://github.com/duckalini/my_first_terraform,https://github.com/duckalini/my_first_terraform,duck-lawn-alix-klingenberg
user-login.gif,/archive/duck-lawn-alix-klingenberg/user-login.gif,duck-lawn-alix-klingenberg
Linux.Compromise.Detection.Command.Cheatsheet.pdf,/archive/craig-h-rowland/Linux.Compromise.Detection.Command.Cheatsheet.pdf,craig-h-rowland
Linux.Compromise.Detection.Presentation.pdf,/archive/craig-h-rowland/Linux.Compromise.Detection.Presentation.pdf,craig-h-rowland
"Bug Bounty Introduction, Common Problems and Practical Solutions - article.pdf","/archive/anton-black/Bug Bounty Introduction, Common Problems and Practical Solutions - article.pdf",anton-black
"Bug Bounty Introduction, Common Problems and Practical Solutions - slides.pdf","/archive/anton-black/Bug Bounty Introduction, Common Problems and Practical Solutions - slides.pdf",anton-black
bryan-nolen
benno-rice
chris
judy-tingedwards
Devs Against the Dark Arts.pdf,/archive/attacus/Devs Against the Dark Arts.pdf,attacus